{
    "CAM_FRONT": {
        "fl": 1266.417203046554,
        "w": 1600,
        "h": 900,
        "ppx": 800.0,
        "ppy": 450.0,
        "disto": [
            0,
            0,
            0,
            0,
            0
        ],
        "disto_type": "pinhole_brown_t2"
    },
    "CAM_FRONT_LEFT": {
        "fl": 1272.5979470598488,
        "w": 1600,
        "h": 900,
        "ppx": 800.0,
        "ppy": 450.0,
        "disto": [
            0,
            0,
            0,
            0,
            0
        ],
        "disto_type": "pinhole_brown_t2"
    },
    "CAM_FRONT_RIGHT": {
        "fl": 1260.8474446004698,
        "w": 1600,
        "h": 900,
        "ppx": 800.0,
        "ppy": 450.0,
        "disto": [
            0,
            0,
            0,
            0,
            0
        ],
        "disto_type": "pinhole_brown_t2"
    },
    "CAM_BACK": {
        "fl": 809.2209905677063,
        "w": 1600,
        "h": 900,
        "ppx": 800.0,
        "ppy": 450.0,
        "disto": [
            0,
            0,
            0,
            0,
            0
        ],
        "disto_type": "pinhole_brown_t2"
    },
    "CAM_BACK_LEFT": {
        "fl": 1256.7414812095406,
        "w": 1600,
        "h": 900,
        "ppx": 800.0,
        "ppy": 450.0,
        "disto": [
            0,
            0,
            0,
            0,
            0
        ],
        "disto_type": "pinhole_brown_t2"
    },
    "CAM_BACK_RIGHT": {
        "fl": 1259.5137405846733,
        "w": 1600,
        "h": 900,
        "ppx": 800.0,
        "ppy": 450.0,
        "disto": [
            0,
            0,
            0,
            0,
            0
        ],
        "disto_type": "pinhole_brown_t2"
    }
}
