{
    "CAM_FRONT": {
        "fov": 70.0,
        "fl": 1266.417203046554,
        "w": 1600,
        "h": 900,
        "ppx": 816.2670197447984,
        "ppy": 491.50706579294757,
        "disto": [
            0,
            0,
            0,
            0,
            0
        ],
        "disto_type": "pinhole_brown_t2"
    },
    "CAM_FRONT_LEFT": {
        "fov": 70.0,
        "fl": 1272.5979470598488,
        "w": 1600,
        "h": 900,
        "ppx": 826.6154927353808,
        "ppy": 479.75165386361925,
        "disto": [
            0,
            0,
            0,
            0,
            0
        ],
        "disto_type": "pinhole_brown_t2"
    },
    "CAM_FRONT_RIGHT": {
        "fov": 70.0,
        "fl": 1260.8474446004698,
        "w": 1600,
        "h": 900,
        "ppx": 807.968244525554,
        "ppy": 495.3344268742088,
        "disto": [
            0,
            0,
            0,
            0,
            0
        ],
        "disto_type": "pinhole_brown_t2"
    },
    "CAM_BACK": {
        "fov": 110.0,
        "fl": 809.2209905677063,
        "w": 1600,
        "h": 900,
        "ppx": 829.2196003259838,
        "ppy": 481.77842384512485,
        "disto": [
            0,
            0,
            0,
            0,
            0
        ],
        "disto_type": "pinhole_brown_t2"
    },
    "CAM_BACK_LEFT": {
        "fov": 70.0,
        "fl": 1256.7414812095406,
        "w": 1600,
        "h": 900,
        "ppx": 792.1125740759628,
        "ppy": 492.7757465151356,
        "disto": [
            0,
            0,
            0,
            0,
            0
        ],
        "disto_type": "pinhole_brown_t2"
    },
    "CAM_BACK_RIGHT": {
        "fov": 70.0,
        "fl": 1259.5137405846733,
        "w": 1600,
        "h": 900,
        "ppx": 807.2529053838625,
        "ppy": 501.19579884916527,
        "disto": [
            0,
            0,
            0,
            0,
            0
        ],
        "disto_type": "pinhole_brown_t2"
    }
}
