{
    "map": "Town10",
    "waypoint_indices": [
        4311110813027974035,
        18053682451657546901,
        7646963031367837041,
        12905535404604880519,
        1124897222061788126,
        15289828732395570218,
        13336394209283491223,
        1574244023794452900,
        11185408627860191727,
        3190354083811026569,
        9070420200842401421,
        5342752891233636477,
        12958403732552386402,
        11412172591623685438,
        9648504190861661612,
        7427818902266603539,
        2345954867017441188,
        13723459447523884620,
        15530302356121005337,
        6343197951867228025,
        11830260409854511606,
        7558395108667077811,
        2276709572003619643,
        7041804567428616582,
        4580915905532025155,
        14124571253254591049,
        11734367119844133759,
        7752678638986104398,
        12382528784717207091,
        14033542231614215701,
        4823420213074896557,
        2307954369026503457,
        17805235823904184758,
        16429826027289566462,
        12886186530243016569,
        1359080952620359008,
        12480398827854784045,
        11983327098621662466,
        8478166321997679061,
        10177934926028566528,
        11886338313094983416,
        493175329901806474,
        17300962008812454892,
        3639111450110768482,
        15504289898023108282,
        11565704082817619836
    ],
    "route": [
        [
            27.137821197509766,
            69.78325653076172,
            0.0
        ],
        [
            58.047794342041016,
            69.8227767944336,
            0.0
        ],
        [
            85.97777557373047,
            69.85848999023438,
            0.0
        ],
        [
            98.80066680908203,
            82.89085388183594,
            0.0
        ],
        [
            19.389352798461914,
            130.46006774902344,
            0.0
        ],
        [
            -0.14773565530776978,
            130.2100830078125,
            0.0
        ],
        [
            -41.483009338378906,
            114.94529724121094,
            0.0
        ],
        [
            -27.02213478088379,
            69.71400451660156,
            0.0
        ],
        [
            44.02894973754883,
            52.548702239990234,
            0.0
        ],
        [
            43.88934326171875,
            41.89961624145508,
            0.0
        ],
        [
            57.403648376464844,
            28.34353256225586,
            0.0
        ],
        [
            106.396484375,
            -4.449376106262207,
            0.0
        ],
        [
            106.47980499267578,
            -22.654197692871094,
            0.0
        ],
        [
            7.409285068511963,
            -64.39999389648438,
            0.0
        ],
        [
            -5.302427768707275,
            -64.54991149902344,
            0.0
        ],
        [
            -48.6427001953125,
            -43.35388946533203,
            0.0
        ],
        [
            -48.83995056152344,
            -17.213199615478516,
            0.0
        ],
        [
            -48.81999206542969,
            -4.795074939727783,
            0.0
        ],
        [
            -28.72602081298828,
            28.104219436645508,
            0.0
        ],
        [
            40.38964080810547,
            41.945499420166016,
            0.0
        ],
        [
            27.14229393005371,
            66.28325653076172,
            0.0
        ],
        [
            -27.017662048339844,
            66.21400451660156,
            0.0
        ],
        [
            -41.66096878051758,
            51.705543518066406,
            0.0
        ],
        [
            -66.80392456054688,
            16.498376846313477,
            0.0
        ],
        [
            -78.04387664794922,
            16.467145919799805,
            0.0
        ],
        [
            -110.73299407958984,
            43.86024475097656,
            0.0
        ],
        [
            -72.0494384765625,
            135.72694396972656,
            0.0
        ],
        [
            -28.56022071838379,
            137.03561401367188,
            0.0
        ],
        [
            -0.19075478613376617,
            137.2099609375,
            0.0
        ],
        [
            19.35021209716797,
            137.4599609375,
            0.0
        ],
        [
            105.80050659179688,
            82.93859100341797,
            0.0
        ],
        [
            106.00284576416016,
            53.269283294677734,
            0.0
        ],
        [
            83.07522583007812,
            13.414804458618164,
            0.0
        ],
        [
            57.44532012939453,
            13.343591690063477,
            0.0
        ],
        [
            26.445444107055664,
            13.257457733154297,
            0.0
        ],
        [
            -66.79419708251953,
            12.998390197753906,
            0.0
        ],
        [
            -78.03414916992188,
            12.967159271240234,
            0.0
        ],
        [
            -103.21614074707031,
            -2.2083921432495117,
            0.0
        ],
        [
            -52.142601013183594,
            -43.38029861450195,
            0.0
        ],
        [
            -52.33985137939453,
            -17.239608764648438,
            0.0
        ],
        [
            -52.31998062133789,
            -4.785225868225098,
            0.0
        ],
        [
            -52.186737060546875,
            42.565128326416016,
            0.0
        ],
        [
            -52.16093063354492,
            51.7350959777832,
            0.0
        ],
        [
            -52.07392120361328,
            82.65496826171875,
            0.0
        ],
        [
            -51.982967376708984,
            114.97483825683594,
            0.0
        ],
        [
            -70.48992156982422,
            128.90286254882812,
            0.0
        ]
    ]
}